nodeId1,portId1,tpn1,nodeId2,portId2,tpn2,priority,metric
0,0,0,1,0,0,7,2
0,0,1,1,0,1,8,2
0,0,2,2,0,0,7,2
0,0,3,2,0,1,8,2
0,0,4,3,0,0,7,2
0,0,5,3,0,1,8,2
0,0,6,4,0,0,7,2
0,0,7,4,0,1,8,2
0,0,8,5,0,0,7,2
0,0,9,5,0,1,8,2
0,0,10,6,0,0,7,2
0,0,11,6,0,1,8,2
0,0,12,7,0,0,7,2
0,0,13,7,0,1,8,2
0,0,14,8,0,0,7,4
0,0,15,8,0,1,8,4
0,0,16,9,0,0,7,4
0,0,17,9,0,1,8,4
0,0,18,10,0,0,7,4
0,0,19,10,0,1,8,4
0,0,20,11,0,0,7,4
0,0,21,11,0,1,8,4
0,0,22,12,0,0,7,4
0,0,23,12,0,1,8,4
0,0,24,13,0,0,7,4
0,0,25,13,0,1,8,4
0,0,26,14,0,0,7,4
0,0,27,14,0,1,8,4
0,0,28,15,0,0,7,4
0,0,29,15,0,1,8,4
0,0,30,16,0,0,7,4
0,0,31,16,0,1,8,4
0,0,32,17,0,0,7,4
0,0,33,17,0,1,8,4
0,0,34,18,0,0,7,4
0,0,35,18,0,1,8,4
0,0,36,19,0,0,7,4
0,0,37,19,0,1,8,4
0,0,38,20,0,0,7,4
0,0,39,20,0,1,8,4
0,0,40,21,0,0,7,4
0,0,41,21,0,1,8,4
0,0,42,22,0,0,7,4
0,0,43,22,0,1,8,4
0,0,44,23,0,0,7,4
0,0,45,23,0,1,8,4
0,0,46,24,0,0,7,4
0,0,47,24,0,1,8,4
0,0,48,25,0,0,7,4
0,0,49,25,0,1,8,4
0,0,50,26,0,0,7,4
0,0,51,26,0,1,8,4
0,0,52,27,0,0,7,4
0,0,53,27,0,1,8,4
0,0,54,28,0,0,7,4
0,0,55,28,0,1,8,4
0,0,56,29,0,0,7,4
0,0,57,29,0,1,8,4
0,0,58,30,0,0,7,4
0,0,59,30,0,1,8,4
0,0,60,31,0,0,7,4
0,0,61,31,0,1,8,4
1,0,2,2,0,2,7,2
1,0,3,2,0,3,8,2
1,0,4,3,0,2,7,2
1,0,5,3,0,3,8,2
1,0,6,4,0,2,7,2
1,0,7,4,0,3,8,2
1,0,8,5,0,2,7,2
1,0,9,5,0,3,8,2
1,0,10,6,0,2,7,2
1,0,11,6,0,3,8,2
1,0,12,7,0,2,7,2
1,0,13,7,0,3,8,2
1,0,14,8,0,2,7,4
1,0,15,8,0,3,8,4
1,0,16,9,0,2,7,4
1,0,17,9,0,3,8,4
1,0,18,10,0,2,7,4
1,0,19,10,0,3,8,4
1,0,20,11,0,2,7,4
1,0,21,11,0,3,8,4
1,0,22,12,0,2,7,4
1,0,23,12,0,3,8,4
1,0,24,13,0,2,7,4
1,0,25,13,0,3,8,4
1,0,26,14,0,2,7,4
1,0,27,14,0,3,8,4
1,0,28,15,0,2,7,4
1,0,29,15,0,3,8,4
1,0,30,16,0,2,7,4
1,0,31,16,0,3,8,4
1,0,32,17,0,2,7,4
1,0,33,17,0,3,8,4
1,0,34,18,0,2,7,4
1,0,35,18,0,3,8,4
1,0,36,19,0,2,7,4
1,0,37,19,0,3,8,4
1,0,38,20,0,2,7,4
1,0,39,20,0,3,8,4
1,0,40,21,0,2,7,4
1,0,41,21,0,3,8,4
1,0,42,22,0,2,7,4
1,0,43,22,0,3,8,4
1,0,44,23,0,2,7,4
1,0,45,23,0,3,8,4
1,0,46,24,0,2,7,4
1,0,47,24,0,3,8,4
1,0,48,25,0,2,7,4
1,0,49,25,0,3,8,4
1,0,50,26,0,2,7,4
1,0,51,26,0,3,8,4
1,0,52,27,0,2,7,4
1,0,53,27,0,3,8,4
1,0,54,28,0,2,7,4
1,0,55,28,0,3,8,4
1,0,56,29,0,2,7,4
1,0,57,29,0,3,8,4
1,0,58,30,0,2,7,4
1,0,59,30,0,3,8,4
1,0,60,31,0,2,7,4
1,0,61,31,0,3,8,4
2,0,4,3,0,4,7,2
2,0,5,3,0,5,8,2
2,0,6,4,0,4,7,2
2,0,7,4,0,5,8,2
2,0,8,5,0,4,7,2
2,0,9,5,0,5,8,2
2,0,10,6,0,4,7,2
2,0,11,6,0,5,8,2
2,0,12,7,0,4,7,2
2,0,13,7,0,5,8,2
2,0,14,8,0,4,7,4
2,0,15,8,0,5,8,4
2,0,16,9,0,4,7,4
2,0,17,9,0,5,8,4
2,0,18,10,0,4,7,4
2,0,19,10,0,5,8,4
2,0,20,11,0,4,7,4
2,0,21,11,0,5,8,4
2,0,22,12,0,4,7,4
2,0,23,12,0,5,8,4
2,0,24,13,0,4,7,4
2,0,25,13,0,5,8,4
2,0,26,14,0,4,7,4
2,0,27,14,0,5,8,4
2,0,28,15,0,4,7,4
2,0,29,15,0,5,8,4
2,0,30,16,0,4,7,4
2,0,31,16,0,5,8,4
2,0,32,17,0,4,7,4
2,0,33,17,0,5,8,4
2,0,34,18,0,4,7,4
2,0,35,18,0,5,8,4
2,0,36,19,0,4,7,4
2,0,37,19,0,5,8,4
2,0,38,20,0,4,7,4
2,0,39,20,0,5,8,4
2,0,40,21,0,4,7,4
2,0,41,21,0,5,8,4
2,0,42,22,0,4,7,4
2,0,43,22,0,5,8,4
2,0,44,23,0,4,7,4
2,0,45,23,0,5,8,4
2,0,46,24,0,4,7,4
2,0,47,24,0,5,8,4
2,0,48,25,0,4,7,4
2,0,49,25,0,5,8,4
2,0,50,26,0,4,7,4
2,0,51,26,0,5,8,4
2,0,52,27,0,4,7,4
2,0,53,27,0,5,8,4
2,0,54,28,0,4,7,4
2,0,55,28,0,5,8,4
2,0,56,29,0,4,7,4
2,0,57,29,0,5,8,4
2,0,58,30,0,4,7,4
2,0,59,30,0,5,8,4
2,0,60,31,0,4,7,4
2,0,61,31,0,5,8,4
3,0,6,4,0,6,7,2
3,0,7,4,0,7,8,2
3,0,8,5,0,6,7,2
3,0,9,5,0,7,8,2
3,0,10,6,0,6,7,2
3,0,11,6,0,7,8,2
3,0,12,7,0,6,7,2
3,0,13,7,0,7,8,2
3,0,14,8,0,6,7,4
3,0,15,8,0,7,8,4
3,0,16,9,0,6,7,4
3,0,17,9,0,7,8,4
3,0,18,10,0,6,7,4
3,0,19,10,0,7,8,4
3,0,20,11,0,6,7,4
3,0,21,11,0,7,8,4
3,0,22,12,0,6,7,4
3,0,23,12,0,7,8,4
3,0,24,13,0,6,7,4
3,0,25,13,0,7,8,4
3,0,26,14,0,6,7,4
3,0,27,14,0,7,8,4
3,0,28,15,0,6,7,4
3,0,29,15,0,7,8,4
3,0,30,16,0,6,7,4
3,0,31,16,0,7,8,4
3,0,32,17,0,6,7,4
3,0,33,17,0,7,8,4
3,0,34,18,0,6,7,4
3,0,35,18,0,7,8,4
3,0,36,19,0,6,7,4
3,0,37,19,0,7,8,4
3,0,38,20,0,6,7,4
3,0,39,20,0,7,8,4
3,0,40,21,0,6,7,4
3,0,41,21,0,7,8,4
3,0,42,22,0,6,7,4
3,0,43,22,0,7,8,4
3,0,44,23,0,6,7,4
3,0,45,23,0,7,8,4
3,0,46,24,0,6,7,4
3,0,47,24,0,7,8,4
3,0,48,25,0,6,7,4
3,0,49,25,0,7,8,4
3,0,50,26,0,6,7,4
3,0,51,26,0,7,8,4
3,0,52,27,0,6,7,4
3,0,53,27,0,7,8,4
3,0,54,28,0,6,7,4
3,0,55,28,0,7,8,4
3,0,56,29,0,6,7,4
3,0,57,29,0,7,8,4
3,0,58,30,0,6,7,4
3,0,59,30,0,7,8,4
3,0,60,31,0,6,7,4
3,0,61,31,0,7,8,4
4,0,8,5,0,8,7,2
4,0,9,5,0,9,8,2
4,0,10,6,0,8,7,2
4,0,11,6,0,9,8,2
4,0,12,7,0,8,7,2
4,0,13,7,0,9,8,2
4,0,14,8,0,8,7,4
4,0,15,8,0,9,8,4
4,0,16,9,0,8,7,4
4,0,17,9,0,9,8,4
4,0,18,10,0,8,7,4
4,0,19,10,0,9,8,4
4,0,20,11,0,8,7,4
4,0,21,11,0,9,8,4
4,0,22,12,0,8,7,4
4,0,23,12,0,9,8,4
4,0,24,13,0,8,7,4
4,0,25,13,0,9,8,4
4,0,26,14,0,8,7,4
4,0,27,14,0,9,8,4
4,0,28,15,0,8,7,4
4,0,29,15,0,9,8,4
4,0,30,16,0,8,7,4
4,0,31,16,0,9,8,4
4,0,32,17,0,8,7,4
4,0,33,17,0,9,8,4
4,0,34,18,0,8,7,4
4,0,35,18,0,9,8,4
4,0,36,19,0,8,7,4
4,0,37,19,0,9,8,4
4,0,38,20,0,8,7,4
4,0,39,20,0,9,8,4
4,0,40,21,0,8,7,4
4,0,41,21,0,9,8,4
4,0,42,22,0,8,7,4
4,0,43,22,0,9,8,4
4,0,44,23,0,8,7,4
4,0,45,23,0,9,8,4
4,0,46,24,0,8,7,4
4,0,47,24,0,9,8,4
4,0,48,25,0,8,7,4
4,0,49,25,0,9,8,4
4,0,50,26,0,8,7,4
4,0,51,26,0,9,8,4
4,0,52,27,0,8,7,4
4,0,53,27,0,9,8,4
4,0,54,28,0,8,7,4
4,0,55,28,0,9,8,4
4,0,56,29,0,8,7,4
4,0,57,29,0,9,8,4
4,0,58,30,0,8,7,4
4,0,59,30,0,9,8,4
4,0,60,31,0,8,7,4
4,0,61,31,0,9,8,4
5,0,10,6,0,10,7,2
5,0,11,6,0,11,8,2
5,0,12,7,0,10,7,2
5,0,13,7,0,11,8,2
5,0,14,8,0,10,7,4
5,0,15,8,0,11,8,4
5,0,16,9,0,10,7,4
5,0,17,9,0,11,8,4
5,0,18,10,0,10,7,4
5,0,19,10,0,11,8,4
5,0,20,11,0,10,7,4
5,0,21,11,0,11,8,4
5,0,22,12,0,10,7,4
5,0,23,12,0,11,8,4
5,0,24,13,0,10,7,4
5,0,25,13,0,11,8,4
5,0,26,14,0,10,7,4
5,0,27,14,0,11,8,4
5,0,28,15,0,10,7,4
5,0,29,15,0,11,8,4
5,0,30,16,0,10,7,4
5,0,31,16,0,11,8,4
5,0,32,17,0,10,7,4
5,0,33,17,0,11,8,4
5,0,34,18,0,10,7,4
5,0,35,18,0,11,8,4
5,0,36,19,0,10,7,4
5,0,37,19,0,11,8,4
5,0,38,20,0,10,7,4
5,0,39,20,0,11,8,4
5,0,40,21,0,10,7,4
5,0,41,21,0,11,8,4
5,0,42,22,0,10,7,4
5,0,43,22,0,11,8,4
5,0,44,23,0,10,7,4
5,0,45,23,0,11,8,4
5,0,46,24,0,10,7,4
5,0,47,24,0,11,8,4
5,0,48,25,0,10,7,4
5,0,49,25,0,11,8,4
5,0,50,26,0,10,7,4
5,0,51,26,0,11,8,4
5,0,52,27,0,10,7,4
5,0,53,27,0,11,8,4
5,0,54,28,0,10,7,4
5,0,55,28,0,11,8,4
5,0,56,29,0,10,7,4
5,0,57,29,0,11,8,4
5,0,58,30,0,10,7,4
5,0,59,30,0,11,8,4
5,0,60,31,0,10,7,4
5,0,61,31,0,11,8,4
6,0,12,7,0,12,7,2
6,0,13,7,0,13,8,2
6,0,14,8,0,12,7,4
6,0,15,8,0,13,8,4
6,0,16,9,0,12,7,4
6,0,17,9,0,13,8,4
6,0,18,10,0,12,7,4
6,0,19,10,0,13,8,4
6,0,20,11,0,12,7,4
6,0,21,11,0,13,8,4
6,0,22,12,0,12,7,4
6,0,23,12,0,13,8,4
6,0,24,13,0,12,7,4
6,0,25,13,0,13,8,4
6,0,26,14,0,12,7,4
6,0,27,14,0,13,8,4
6,0,28,15,0,12,7,4
6,0,29,15,0,13,8,4
6,0,30,16,0,12,7,4
6,0,31,16,0,13,8,4
6,0,32,17,0,12,7,4
6,0,33,17,0,13,8,4
6,0,34,18,0,12,7,4
6,0,35,18,0,13,8,4
6,0,36,19,0,12,7,4
6,0,37,19,0,13,8,4
6,0,38,20,0,12,7,4
6,0,39,20,0,13,8,4
6,0,40,21,0,12,7,4
6,0,41,21,0,13,8,4
6,0,42,22,0,12,7,4
6,0,43,22,0,13,8,4
6,0,44,23,0,12,7,4
6,0,45,23,0,13,8,4
6,0,46,24,0,12,7,4
6,0,47,24,0,13,8,4
6,0,48,25,0,12,7,4
6,0,49,25,0,13,8,4
6,0,50,26,0,12,7,4
6,0,51,26,0,13,8,4
6,0,52,27,0,12,7,4
6,0,53,27,0,13,8,4
6,0,54,28,0,12,7,4
6,0,55,28,0,13,8,4
6,0,56,29,0,12,7,4
6,0,57,29,0,13,8,4
6,0,58,30,0,12,7,4
6,0,59,30,0,13,8,4
6,0,60,31,0,12,7,4
6,0,61,31,0,13,8,4
7,0,14,8,0,14,7,4
7,0,15,8,0,15,8,4
7,0,16,9,0,14,7,4
7,0,17,9,0,15,8,4
7,0,18,10,0,14,7,4
7,0,19,10,0,15,8,4
7,0,20,11,0,14,7,4
7,0,21,11,0,15,8,4
7,0,22,12,0,14,7,4
7,0,23,12,0,15,8,4
7,0,24,13,0,14,7,4
7,0,25,13,0,15,8,4
7,0,26,14,0,14,7,4
7,0,27,14,0,15,8,4
7,0,28,15,0,14,7,4
7,0,29,15,0,15,8,4
7,0,30,16,0,14,7,4
7,0,31,16,0,15,8,4
7,0,32,17,0,14,7,4
7,0,33,17,0,15,8,4
7,0,34,18,0,14,7,4
7,0,35,18,0,15,8,4
7,0,36,19,0,14,7,4
7,0,37,19,0,15,8,4
7,0,38,20,0,14,7,4
7,0,39,20,0,15,8,4
7,0,40,21,0,14,7,4
7,0,41,21,0,15,8,4
7,0,42,22,0,14,7,4
7,0,43,22,0,15,8,4
7,0,44,23,0,14,7,4
7,0,45,23,0,15,8,4
7,0,46,24,0,14,7,4
7,0,47,24,0,15,8,4
7,0,48,25,0,14,7,4
7,0,49,25,0,15,8,4
7,0,50,26,0,14,7,4
7,0,51,26,0,15,8,4
7,0,52,27,0,14,7,4
7,0,53,27,0,15,8,4
7,0,54,28,0,14,7,4
7,0,55,28,0,15,8,4
7,0,56,29,0,14,7,4
7,0,57,29,0,15,8,4
7,0,58,30,0,14,7,4
7,0,59,30,0,15,8,4
7,0,60,31,0,14,7,4
7,0,61,31,0,15,8,4
8,0,16,9,0,16,7,2
8,0,17,9,0,17,8,2
8,0,18,10,0,16,7,2
8,0,19,10,0,17,8,2
8,0,20,11,0,16,7,2
8,0,21,11,0,17,8,2
8,0,22,12,0,16,7,2
8,0,23,12,0,17,8,2
8,0,24,13,0,16,7,2
8,0,25,13,0,17,8,2
8,0,26,14,0,16,7,2
8,0,27,14,0,17,8,2
8,0,28,15,0,16,7,2
8,0,29,15,0,17,8,2
8,0,30,16,0,16,7,4
8,0,31,16,0,17,8,4
8,0,32,17,0,16,7,4
8,0,33,17,0,17,8,4
8,0,34,18,0,16,7,4
8,0,35,18,0,17,8,4
8,0,36,19,0,16,7,4
8,0,37,19,0,17,8,4
8,0,38,20,0,16,7,4
8,0,39,20,0,17,8,4
8,0,40,21,0,16,7,4
8,0,41,21,0,17,8,4
8,0,42,22,0,16,7,4
8,0,43,22,0,17,8,4
8,0,44,23,0,16,7,4
8,0,45,23,0,17,8,4
8,0,46,24,0,16,7,4
8,0,47,24,0,17,8,4
8,0,48,25,0,16,7,4
8,0,49,25,0,17,8,4
8,0,50,26,0,16,7,4
8,0,51,26,0,17,8,4
8,0,52,27,0,16,7,4
8,0,53,27,0,17,8,4
8,0,54,28,0,16,7,4
8,0,55,28,0,17,8,4
8,0,56,29,0,16,7,4
8,0,57,29,0,17,8,4
8,0,58,30,0,16,7,4
8,0,59,30,0,17,8,4
8,0,60,31,0,16,7,4
8,0,61,31,0,17,8,4
9,0,18,10,0,18,7,2
9,0,19,10,0,19,8,2
9,0,20,11,0,18,7,2
9,0,21,11,0,19,8,2
9,0,22,12,0,18,7,2
9,0,23,12,0,19,8,2
9,0,24,13,0,18,7,2
9,0,25,13,0,19,8,2
9,0,26,14,0,18,7,2
9,0,27,14,0,19,8,2
9,0,28,15,0,18,7,2
9,0,29,15,0,19,8,2
9,0,30,16,0,18,7,4
9,0,31,16,0,19,8,4
9,0,32,17,0,18,7,4
9,0,33,17,0,19,8,4
9,0,34,18,0,18,7,4
9,0,35,18,0,19,8,4
9,0,36,19,0,18,7,4
9,0,37,19,0,19,8,4
9,0,38,20,0,18,7,4
9,0,39,20,0,19,8,4
9,0,40,21,0,18,7,4
9,0,41,21,0,19,8,4
9,0,42,22,0,18,7,4
9,0,43,22,0,19,8,4
9,0,44,23,0,18,7,4
9,0,45,23,0,19,8,4
9,0,46,24,0,18,7,4
9,0,47,24,0,19,8,4
9,0,48,25,0,18,7,4
9,0,49,25,0,19,8,4
9,0,50,26,0,18,7,4
9,0,51,26,0,19,8,4
9,0,52,27,0,18,7,4
9,0,53,27,0,19,8,4
9,0,54,28,0,18,7,4
9,0,55,28,0,19,8,4
9,0,56,29,0,18,7,4
9,0,57,29,0,19,8,4
9,0,58,30,0,18,7,4
9,0,59,30,0,19,8,4
9,0,60,31,0,18,7,4
9,0,61,31,0,19,8,4
10,0,20,11,0,20,7,2
10,0,21,11,0,21,8,2
10,0,22,12,0,20,7,2
10,0,23,12,0,21,8,2
10,0,24,13,0,20,7,2
10,0,25,13,0,21,8,2
10,0,26,14,0,20,7,2
10,0,27,14,0,21,8,2
10,0,28,15,0,20,7,2
10,0,29,15,0,21,8,2
10,0,30,16,0,20,7,4
10,0,31,16,0,21,8,4
10,0,32,17,0,20,7,4
10,0,33,17,0,21,8,4
10,0,34,18,0,20,7,4
10,0,35,18,0,21,8,4
10,0,36,19,0,20,7,4
10,0,37,19,0,21,8,4
10,0,38,20,0,20,7,4
10,0,39,20,0,21,8,4
10,0,40,21,0,20,7,4
10,0,41,21,0,21,8,4
10,0,42,22,0,20,7,4
10,0,43,22,0,21,8,4
10,0,44,23,0,20,7,4
10,0,45,23,0,21,8,4
10,0,46,24,0,20,7,4
10,0,47,24,0,21,8,4
10,0,48,25,0,20,7,4
10,0,49,25,0,21,8,4
10,0,50,26,0,20,7,4
10,0,51,26,0,21,8,4
10,0,52,27,0,20,7,4
10,0,53,27,0,21,8,4
10,0,54,28,0,20,7,4
10,0,55,28,0,21,8,4
10,0,56,29,0,20,7,4
10,0,57,29,0,21,8,4
10,0,58,30,0,20,7,4
10,0,59,30,0,21,8,4
10,0,60,31,0,20,7,4
10,0,61,31,0,21,8,4
11,0,22,12,0,22,7,2
11,0,23,12,0,23,8,2
11,0,24,13,0,22,7,2
11,0,25,13,0,23,8,2
11,0,26,14,0,22,7,2
11,0,27,14,0,23,8,2
11,0,28,15,0,22,7,2
11,0,29,15,0,23,8,2
11,0,30,16,0,22,7,4
11,0,31,16,0,23,8,4
11,0,32,17,0,22,7,4
11,0,33,17,0,23,8,4
11,0,34,18,0,22,7,4
11,0,35,18,0,23,8,4
11,0,36,19,0,22,7,4
11,0,37,19,0,23,8,4
11,0,38,20,0,22,7,4
11,0,39,20,0,23,8,4
11,0,40,21,0,22,7,4
11,0,41,21,0,23,8,4
11,0,42,22,0,22,7,4
11,0,43,22,0,23,8,4
11,0,44,23,0,22,7,4
11,0,45,23,0,23,8,4
11,0,46,24,0,22,7,4
11,0,47,24,0,23,8,4
11,0,48,25,0,22,7,4
11,0,49,25,0,23,8,4
11,0,50,26,0,22,7,4
11,0,51,26,0,23,8,4
11,0,52,27,0,22,7,4
11,0,53,27,0,23,8,4
11,0,54,28,0,22,7,4
11,0,55,28,0,23,8,4
11,0,56,29,0,22,7,4
11,0,57,29,0,23,8,4
11,0,58,30,0,22,7,4
11,0,59,30,0,23,8,4
11,0,60,31,0,22,7,4
11,0,61,31,0,23,8,4
12,0,24,13,0,24,7,2
12,0,25,13,0,25,8,2
12,0,26,14,0,24,7,2
12,0,27,14,0,25,8,2
12,0,28,15,0,24,7,2
12,0,29,15,0,25,8,2
12,0,30,16,0,24,7,4
12,0,31,16,0,25,8,4
12,0,32,17,0,24,7,4
12,0,33,17,0,25,8,4
12,0,34,18,0,24,7,4
12,0,35,18,0,25,8,4
12,0,36,19,0,24,7,4
12,0,37,19,0,25,8,4
12,0,38,20,0,24,7,4
12,0,39,20,0,25,8,4
12,0,40,21,0,24,7,4
12,0,41,21,0,25,8,4
12,0,42,22,0,24,7,4
12,0,43,22,0,25,8,4
12,0,44,23,0,24,7,4
12,0,45,23,0,25,8,4
12,0,46,24,0,24,7,4
12,0,47,24,0,25,8,4
12,0,48,25,0,24,7,4
12,0,49,25,0,25,8,4
12,0,50,26,0,24,7,4
12,0,51,26,0,25,8,4
12,0,52,27,0,24,7,4
12,0,53,27,0,25,8,4
12,0,54,28,0,24,7,4
12,0,55,28,0,25,8,4
12,0,56,29,0,24,7,4
12,0,57,29,0,25,8,4
12,0,58,30,0,24,7,4
12,0,59,30,0,25,8,4
12,0,60,31,0,24,7,4
12,0,61,31,0,25,8,4
13,0,26,14,0,26,7,2
13,0,27,14,0,27,8,2
13,0,28,15,0,26,7,2
13,0,29,15,0,27,8,2
13,0,30,16,0,26,7,4
13,0,31,16,0,27,8,4
13,0,32,17,0,26,7,4
13,0,33,17,0,27,8,4
13,0,34,18,0,26,7,4
13,0,35,18,0,27,8,4
13,0,36,19,0,26,7,4
13,0,37,19,0,27,8,4
13,0,38,20,0,26,7,4
13,0,39,20,0,27,8,4
13,0,40,21,0,26,7,4
13,0,41,21,0,27,8,4
13,0,42,22,0,26,7,4
13,0,43,22,0,27,8,4
13,0,44,23,0,26,7,4
13,0,45,23,0,27,8,4
13,0,46,24,0,26,7,4
13,0,47,24,0,27,8,4
13,0,48,25,0,26,7,4
13,0,49,25,0,27,8,4
13,0,50,26,0,26,7,4
13,0,51,26,0,27,8,4
13,0,52,27,0,26,7,4
13,0,53,27,0,27,8,4
13,0,54,28,0,26,7,4
13,0,55,28,0,27,8,4
13,0,56,29,0,26,7,4
13,0,57,29,0,27,8,4
13,0,58,30,0,26,7,4
13,0,59,30,0,27,8,4
13,0,60,31,0,26,7,4
13,0,61,31,0,27,8,4
14,0,28,15,0,28,7,2
14,0,29,15,0,29,8,2
14,0,30,16,0,28,7,4
14,0,31,16,0,29,8,4
14,0,32,17,0,28,7,4
14,0,33,17,0,29,8,4
14,0,34,18,0,28,7,4
14,0,35,18,0,29,8,4
14,0,36,19,0,28,7,4
14,0,37,19,0,29,8,4
14,0,38,20,0,28,7,4
14,0,39,20,0,29,8,4
14,0,40,21,0,28,7,4
14,0,41,21,0,29,8,4
14,0,42,22,0,28,7,4
14,0,43,22,0,29,8,4
14,0,44,23,0,28,7,4
14,0,45,23,0,29,8,4
14,0,46,24,0,28,7,4
14,0,47,24,0,29,8,4
14,0,48,25,0,28,7,4
14,0,49,25,0,29,8,4
14,0,50,26,0,28,7,4
14,0,51,26,0,29,8,4
14,0,52,27,0,28,7,4
14,0,53,27,0,29,8,4
14,0,54,28,0,28,7,4
14,0,55,28,0,29,8,4
14,0,56,29,0,28,7,4
14,0,57,29,0,29,8,4
14,0,58,30,0,28,7,4
14,0,59,30,0,29,8,4
14,0,60,31,0,28,7,4
14,0,61,31,0,29,8,4
15,0,30,16,0,30,7,4
15,0,31,16,0,31,8,4
15,0,32,17,0,30,7,4
15,0,33,17,0,31,8,4
15,0,34,18,0,30,7,4
15,0,35,18,0,31,8,4
15,0,36,19,0,30,7,4
15,0,37,19,0,31,8,4
15,0,38,20,0,30,7,4
15,0,39,20,0,31,8,4
15,0,40,21,0,30,7,4
15,0,41,21,0,31,8,4
15,0,42,22,0,30,7,4
15,0,43,22,0,31,8,4
15,0,44,23,0,30,7,4
15,0,45,23,0,31,8,4
15,0,46,24,0,30,7,4
15,0,47,24,0,31,8,4
15,0,48,25,0,30,7,4
15,0,49,25,0,31,8,4
15,0,50,26,0,30,7,4
15,0,51,26,0,31,8,4
15,0,52,27,0,30,7,4
15,0,53,27,0,31,8,4
15,0,54,28,0,30,7,4
15,0,55,28,0,31,8,4
15,0,56,29,0,30,7,4
15,0,57,29,0,31,8,4
15,0,58,30,0,30,7,4
15,0,59,30,0,31,8,4
15,0,60,31,0,30,7,4
15,0,61,31,0,31,8,4
16,0,32,17,0,32,7,2
16,0,33,17,0,33,8,2
16,0,34,18,0,32,7,2
16,0,35,18,0,33,8,2
16,0,36,19,0,32,7,2
16,0,37,19,0,33,8,2
16,0,38,20,0,32,7,2
16,0,39,20,0,33,8,2
16,0,40,21,0,32,7,2
16,0,41,21,0,33,8,2
16,0,42,22,0,32,7,2
16,0,43,22,0,33,8,2
16,0,44,23,0,32,7,2
16,0,45,23,0,33,8,2
16,0,46,24,0,32,7,4
16,0,47,24,0,33,8,4
16,0,48,25,0,32,7,4
16,0,49,25,0,33,8,4
16,0,50,26,0,32,7,4
16,0,51,26,0,33,8,4
16,0,52,27,0,32,7,4
16,0,53,27,0,33,8,4
16,0,54,28,0,32,7,4
16,0,55,28,0,33,8,4
16,0,56,29,0,32,7,4
16,0,57,29,0,33,8,4
16,0,58,30,0,32,7,4
16,0,59,30,0,33,8,4
16,0,60,31,0,32,7,4
16,0,61,31,0,33,8,4
17,0,34,18,0,34,7,2
17,0,35,18,0,35,8,2
17,0,36,19,0,34,7,2
17,0,37,19,0,35,8,2
17,0,38,20,0,34,7,2
17,0,39,20,0,35,8,2
17,0,40,21,0,34,7,2
17,0,41,21,0,35,8,2
17,0,42,22,0,34,7,2
17,0,43,22,0,35,8,2
17,0,44,23,0,34,7,2
17,0,45,23,0,35,8,2
17,0,46,24,0,34,7,4
17,0,47,24,0,35,8,4
17,0,48,25,0,34,7,4
17,0,49,25,0,35,8,4
17,0,50,26,0,34,7,4
17,0,51,26,0,35,8,4
17,0,52,27,0,34,7,4
17,0,53,27,0,35,8,4
17,0,54,28,0,34,7,4
17,0,55,28,0,35,8,4
17,0,56,29,0,34,7,4
17,0,57,29,0,35,8,4
17,0,58,30,0,34,7,4
17,0,59,30,0,35,8,4
17,0,60,31,0,34,7,4
17,0,61,31,0,35,8,4
18,0,36,19,0,36,7,2
18,0,37,19,0,37,8,2
18,0,38,20,0,36,7,2
18,0,39,20,0,37,8,2
18,0,40,21,0,36,7,2
18,0,41,21,0,37,8,2
18,0,42,22,0,36,7,2
18,0,43,22,0,37,8,2
18,0,44,23,0,36,7,2
18,0,45,23,0,37,8,2
18,0,46,24,0,36,7,4
18,0,47,24,0,37,8,4
18,0,48,25,0,36,7,4
18,0,49,25,0,37,8,4
18,0,50,26,0,36,7,4
18,0,51,26,0,37,8,4
18,0,52,27,0,36,7,4
18,0,53,27,0,37,8,4
18,0,54,28,0,36,7,4
18,0,55,28,0,37,8,4
18,0,56,29,0,36,7,4
18,0,57,29,0,37,8,4
18,0,58,30,0,36,7,4
18,0,59,30,0,37,8,4
18,0,60,31,0,36,7,4
18,0,61,31,0,37,8,4
19,0,38,20,0,38,7,2
19,0,39,20,0,39,8,2
19,0,40,21,0,38,7,2
19,0,41,21,0,39,8,2
19,0,42,22,0,38,7,2
19,0,43,22,0,39,8,2
19,0,44,23,0,38,7,2
19,0,45,23,0,39,8,2
19,0,46,24,0,38,7,4
19,0,47,24,0,39,8,4
19,0,48,25,0,38,7,4
19,0,49,25,0,39,8,4
19,0,50,26,0,38,7,4
19,0,51,26,0,39,8,4
19,0,52,27,0,38,7,4
19,0,53,27,0,39,8,4
19,0,54,28,0,38,7,4
19,0,55,28,0,39,8,4
19,0,56,29,0,38,7,4
19,0,57,29,0,39,8,4
19,0,58,30,0,38,7,4
19,0,59,30,0,39,8,4
19,0,60,31,0,38,7,4
19,0,61,31,0,39,8,4
20,0,40,21,0,40,7,2
20,0,41,21,0,41,8,2
20,0,42,22,0,40,7,2
20,0,43,22,0,41,8,2
20,0,44,23,0,40,7,2
20,0,45,23,0,41,8,2
20,0,46,24,0,40,7,4
20,0,47,24,0,41,8,4
20,0,48,25,0,40,7,4
20,0,49,25,0,41,8,4
20,0,50,26,0,40,7,4
20,0,51,26,0,41,8,4
20,0,52,27,0,40,7,4
20,0,53,27,0,41,8,4
20,0,54,28,0,40,7,4
20,0,55,28,0,41,8,4
20,0,56,29,0,40,7,4
20,0,57,29,0,41,8,4
20,0,58,30,0,40,7,4
20,0,59,30,0,41,8,4
20,0,60,31,0,40,7,4
20,0,61,31,0,41,8,4
21,0,42,22,0,42,7,2
21,0,43,22,0,43,8,2
21,0,44,23,0,42,7,2
21,0,45,23,0,43,8,2
21,0,46,24,0,42,7,4
21,0,47,24,0,43,8,4
21,0,48,25,0,42,7,4
21,0,49,25,0,43,8,4
21,0,50,26,0,42,7,4
21,0,51,26,0,43,8,4
21,0,52,27,0,42,7,4
21,0,53,27,0,43,8,4
21,0,54,28,0,42,7,4
21,0,55,28,0,43,8,4
21,0,56,29,0,42,7,4
21,0,57,29,0,43,8,4
21,0,58,30,0,42,7,4
21,0,59,30,0,43,8,4
21,0,60,31,0,42,7,4
21,0,61,31,0,43,8,4
22,0,44,23,0,44,7,2
22,0,45,23,0,45,8,2
22,0,46,24,0,44,7,4
22,0,47,24,0,45,8,4
22,0,48,25,0,44,7,4
22,0,49,25,0,45,8,4
22,0,50,26,0,44,7,4
22,0,51,26,0,45,8,4
22,0,52,27,0,44,7,4
22,0,53,27,0,45,8,4
22,0,54,28,0,44,7,4
22,0,55,28,0,45,8,4
22,0,56,29,0,44,7,4
22,0,57,29,0,45,8,4
22,0,58,30,0,44,7,4
22,0,59,30,0,45,8,4
22,0,60,31,0,44,7,4
22,0,61,31,0,45,8,4
23,0,46,24,0,46,7,4
23,0,47,24,0,47,8,4
23,0,48,25,0,46,7,4
23,0,49,25,0,47,8,4
23,0,50,26,0,46,7,4
23,0,51,26,0,47,8,4
23,0,52,27,0,46,7,4
23,0,53,27,0,47,8,4
23,0,54,28,0,46,7,4
23,0,55,28,0,47,8,4
23,0,56,29,0,46,7,4
23,0,57,29,0,47,8,4
23,0,58,30,0,46,7,4
23,0,59,30,0,47,8,4
23,0,60,31,0,46,7,4
23,0,61,31,0,47,8,4
24,0,48,25,0,48,7,2
24,0,49,25,0,49,8,2
24,0,50,26,0,48,7,2
24,0,51,26,0,49,8,2
24,0,52,27,0,48,7,2
24,0,53,27,0,49,8,2
24,0,54,28,0,48,7,2
24,0,55,28,0,49,8,2
24,0,56,29,0,48,7,2
24,0,57,29,0,49,8,2
24,0,58,30,0,48,7,2
24,0,59,30,0,49,8,2
24,0,60,31,0,48,7,2
24,0,61,31,0,49,8,2
25,0,50,26,0,50,7,2
25,0,51,26,0,51,8,2
25,0,52,27,0,50,7,2
25,0,53,27,0,51,8,2
25,0,54,28,0,50,7,2
25,0,55,28,0,51,8,2
25,0,56,29,0,50,7,2
25,0,57,29,0,51,8,2
25,0,58,30,0,50,7,2
25,0,59,30,0,51,8,2
25,0,60,31,0,50,7,2
25,0,61,31,0,51,8,2
26,0,52,27,0,52,7,2
26,0,53,27,0,53,8,2
26,0,54,28,0,52,7,2
26,0,55,28,0,53,8,2
26,0,56,29,0,52,7,2
26,0,57,29,0,53,8,2
26,0,58,30,0,52,7,2
26,0,59,30,0,53,8,2
26,0,60,31,0,52,7,2
26,0,61,31,0,53,8,2
27,0,54,28,0,54,7,2
27,0,55,28,0,55,8,2
27,0,56,29,0,54,7,2
27,0,57,29,0,55,8,2
27,0,58,30,0,54,7,2
27,0,59,30,0,55,8,2
27,0,60,31,0,54,7,2
27,0,61,31,0,55,8,2
28,0,56,29,0,56,7,2
28,0,57,29,0,57,8,2
28,0,58,30,0,56,7,2
28,0,59,30,0,57,8,2
28,0,60,31,0,56,7,2
28,0,61,31,0,57,8,2
29,0,58,30,0,58,7,2
29,0,59,30,0,59,8,2
29,0,60,31,0,58,7,2
29,0,61,31,0,59,8,2
30,0,60,31,0,60,7,2
30,0,61,31,0,61,8,2
